{
  "version": "4.0.0",
  "supersedes": "3.0.0 (doi:10.5281/zenodo.17679840)",
  "created": "2025-12-01T12:21:04.821150",
  "parameters": {
    "n_projections": 5,
    "alpha": 0.08,
    "gamma": 0.1,
    "beta_hyst": 0.05,
    "H_target": 0.8,
    "H_c": 1.0986122886681098,
    "S_c": 0.7
  }
}